case_id,type,severity,confidence,description,wallets
RAAZ-26-1001,Fan-out distribution,High,0.91,Reported wallet split funds into 4 fresh wallets within minutes of the last victim payment.,0xff246f9db5babe918b67d3462fc2084f96492788;0xdbcac340a8fd5582b672a1d0397733df525d1b2e;0x1ffaa4678f91e1efb04e2d0e9102310e8a52f8a4;0xfeccf3e47dcb491772e0904b608a206fbf635b51;0x9d2b4a59159a577300bd55d397d77455f7887ea1
RAAZ-26-1001,Peel chain,High,0.88,6-step peel chain: each hop sheds 5-14% to a side wallet and forwards the change.,0x33103adc68c901db7a66a05950fa7869aef600f5;0xcf85387e2c7f011d9e0c35469995531adfeffe45;0x218a1faca2588b03e262e933eb9f638886fbdb87;0xd6244ff3d4d16cdfea410b819d3d42e5d41d062b;0xd4b79490a6522a389e7e3ed698d5ac135c0a9cae;0x3d507b580042f02042d429beaf691c8ed6c6e916;0x28cc1184db3a9a0039456586278417622914975a;0x567f9376fb68ac617574ce9288245d5d47122b63;0xdf9284eaff073061d1e31a2147df0e111c8f6aa1;0x8bbf50892958e1e81293a78806dc8d6ffa56f170;0x8f249eddd14a292a50e00eda6c633f3765adee29;0xca01913001a3657c5ceb03151b938330083b5b31
RAAZ-26-1001,Dusting activity,Low,0.65,Tiny-value transfers received from a single source - possible address probing.,0xa43c436cc26e51b716c182126279d81413cac1f6
RAAZ-26-1001,Funds dormant in layering wallets,Medium,0.8,No exchange deposit observed yet; funds are sitting in layering wallets. Recommend adding to watchlist.,0xdbcac340a8fd5582b672a1d0397733df525d1b2e;0x1ffaa4678f91e1efb04e2d0e9102310e8a52f8a4;0xfeccf3e47dcb491772e0904b608a206fbf635b51;0x9d2b4a59159a577300bd55d397d77455f7887ea1
RAAZ-26-1002,Fan-out distribution,High,0.91,Reported wallet split funds into 4 fresh wallets within minutes of the last victim payment.,TifSd2hP6mxjDp9zH7AVCUmCJFVignpVnV;TUK7Bod7fgZGpa3Rr9ZTkMkhFou7WHDcvN;TkrqqVPQUApekqeyyktjTQDSrKpbALNhxY;TTPxtV499JX1VziwRvVEDTmQBs5M4zcowa;TRQkTQCtEei2NsbbYVfbWeiTLe4SDDqoMr
RAAZ-26-1002,Fan-in from unrelated sources,Medium,0.78,4 other wallets paid into the reported wallet in the same window - possible additional victims.,TLJstrMPBZyfVGphofpNA3Lwm4XjyoiAYu;TsuxYuVVvtXLU8kmoFCTijNAkp6e5LKK3V;TPm5oy4HV3VJEDM6AKJWXUhMEv3cS9zEaZ;TGxVmBXPzULahUEhdDNod1ksE2xrg1Z2rE
RAAZ-26-1002,Consolidation before cash-out,Medium,0.82,Multiple layering branches re-merge into one wallet shortly before reaching an exchange.,TVMU4h1NnoY1RgTU5jiyJkKM8ZM237nnpo
RAAZ-26-1003,Fan-out distribution,High,0.91,Reported wallet split funds into 5 fresh wallets within minutes of the last victim payment.,T3WPitheEtDUAYQy4fqzMYJXbj4KBWSWGv;Te5RueNhVd6Jwxbf7ReqL18R2EGTiQebiq;TWyVkh75WTGH3LLPbF5C8dwPPMLJy31mvn;TBYWRsWgzqRac7qcYXrKwExWBMLVvmfgeR;TQ4b6SHYQfZ3H47VoyudN5HhdR1bBcgeLq;TvyUhZkGiWkVfPuCD6QpaucgGpSDekjkTG
RAAZ-26-1003,Fan-in from unrelated sources,Medium,0.78,5 other wallets paid into the reported wallet in the same window - possible additional victims.,TLyVQYeiM4dfw9k6jGkHLpynqgHfckBZbd;TgEsSgL7X82eUoGGWA9QhdVnD9A4toR2rZ;T1iLWHL6DkdFdLL27dQAoFuNAkVzYvy9rU;T4EGxyUr4BjBx8RR3K6XLnPgDDoeAPqTJn;TP9VTD5raGkGEa8X3SvbdYQ51sRLS7AfTR
RAAZ-26-1003,Consolidation before cash-out,Medium,0.82,Multiple layering branches re-merge into one wallet shortly before reaching an exchange.,TaXJKCK9ovAdBPusifBMZffqGgWqouRt8m
RAAZ-26-1003,Cross-case linkage,Critical,0.9,"Consolidation wallet also appears in 7 other RAAZ case(s): RAAZ-26-1005, RAAZ-26-1011, RAAZ-26-1023, RAAZ-26-1039, RAAZ-26-1050, RAAZ-26-1054, RAAZ-26-1055. Likely the same operator (Syndicate B).",TaXJKCK9ovAdBPusifBMZffqGgWqouRt8m
RAAZ-26-1004,Fan-out distribution,High,0.91,Reported wallet split funds into 5 fresh wallets within minutes of the last victim payment.,Tg9wJGCu9kpGVEbEC7S9VaQt28djcny3vb;T1HmjTi1SMCy2kEdHAwEi7bK5DvcW1uk47;TjM2zfDsHZR5q1UM4NLVjneBVuLu3oHhbd;TQkuUQc8YSarhQVRiQVZM72YmcDUKFHDDx;T3AzZeTbVNH9TnThq996vLToQoa1kJC6ad;TKeFPB4Y2g5ar6bDajvK4XXearDvyiZzvD
RAAZ-26-1004,Rapid layering (high velocity),High,0.84,"Median time between hops is under 30 minutes, consistent with scripted or automated movement.",T1HmjTi1SMCy2kEdHAwEi7bK5DvcW1uk47;TjM2zfDsHZR5q1UM4NLVjneBVuLu3oHhbd;TQkuUQc8YSarhQVRiQVZM72YmcDUKFHDDx;T3AzZeTbVNH9TnThq996vLToQoa1kJC6ad;TKeFPB4Y2g5ar6bDajvK4XXearDvyiZzvD
RAAZ-26-1004,Fan-in from unrelated sources,Medium,0.78,3 other wallets paid into the reported wallet in the same window - possible additional victims.,TiKkPZqbqYcSB4LUCTr3wLTEtkFPF145Ef;TK21nmAfxxFQTemdnDVWq9jmkUYUxwvZ87;T78UD5tjcWyJGsEpC8YhrhykLW7XrEHg4J
RAAZ-26-1004,Consolidation before cash-out,Medium,0.82,Multiple layering branches re-merge into one wallet shortly before reaching an exchange.,TJ5GD22Z16n18VP4TPXfSucoxu1v8pRvLq
RAAZ-26-1005,Fan-out distribution,High,0.91,Reported wallet split funds into 3 fresh wallets within minutes of the last victim payment.,TyyTgFRjPPqVqpGykUZcSxYp45cr7RwVJR;TfUvw2nEyR8cS5Mn5NTWzUgSacvLF6v4D4;Two3Zw8emNrnguRz6RHxyFAp9gV36WNPKs;TuxsTHxDRXCW4zF3Pu24nFnaZCZvwDEq7S
RAAZ-26-1005,Peel chain,High,0.88,6-step peel chain: each hop sheds 5-14% to a side wallet and forwards the change.,T91cfkYrXn1juFqyo84pqv3Wv9YdxKEQdW;TACwvdgn5bq2mZnfyVN1o7UuMSRWHFubFz;TezAdzSGdhdJ3dP9MGDRCGiWv4SJVQS2L6;T8S8kwEigw2seuiWXP2scW5jM7mqJC13Xa;T9P3DWJes64sjxvz3s4qjRJGtKDEm4H6wC;Ti1PnkGXRYVgRd2BYVuFaEEFvevasprvBz;TW3Yw9KL991VqahyMyHaumfrenmZGirRHz;TN5FHUds9H6eST7csvdKspToiUQUmr2DNy;TY7DbyfyeZVaH8j6huDYLaGYxwZwkFCZzM;T1JaHTVNfpng2uZxaLcHJ4E34NXw7RTz73;TUGddG2BiqCbNcRXsbGTn3jfuNnB81gZ84;TV2K9DdjePPJkkujiiNQBn2NQPVmd9MmP7
RAAZ-26-1005,Fan-in from unrelated sources,Medium,0.78,4 other wallets paid into the reported wallet in the same window - possible additional victims.,TcD3gZ7T1eDCJma8b4Fybjs5SXPAmMPySU;TE8m6UWZvTXrTqD4s8Vm3VWc4E4fYxi66S;T3BSYEtZhd6KBvMQkLqp8GvSzLeQre2kdh;TLAK5iYGhaNS6UayBakJYs5Ryny59GQjpY
RAAZ-26-1005,Consolidation before cash-out,Medium,0.82,Multiple layering branches re-merge into one wallet shortly before reaching an exchange.,TaXJKCK9ovAdBPusifBMZffqGgWqouRt8m
RAAZ-26-1005,Cross-case linkage,Critical,0.9,"Consolidation wallet also appears in 7 other RAAZ case(s): RAAZ-26-1003, RAAZ-26-1011, RAAZ-26-1023, RAAZ-26-1039, RAAZ-26-1050, RAAZ-26-1054, RAAZ-26-1055. Likely the same operator (Syndicate B).",TaXJKCK9ovAdBPusifBMZffqGgWqouRt8m
RAAZ-26-1006,Mixer / tumbler usage,Critical,0.95,"56,322.25 USDC sent into Umbra Tumbler; outputs linked probabilistically by amount and timing.",0xec93a5a5e96bb020c36c24ddd88416e6e1d35a53
RAAZ-26-1006,Fan-in from unrelated sources,Medium,0.78,5 other wallets paid into the reported wallet in the same window - possible additional victims.,0xb7eb084896f22ed0f7547a9524fec8d72b685a50;0x4a4b716f1a7044bff026c42b78e231486f2237d0;0x837707f126e50147da318aa764297ec444a14dd0;0x77304d6320360e4c3cb123cf53096f1f52d46685;0x8605d265c1d3c1d087a68fc0e78f6b809a968c40
RAAZ-26-1006,Dusting activity,Low,0.65,Tiny-value transfers received from a single source - possible address probing.,0x7ba29231deb083be41ca93c39943223179e2d4e6
RAAZ-26-1006,Funds dormant in layering wallets,Medium,0.8,No exchange deposit observed yet; funds are sitting in layering wallets. Recommend adding to watchlist.,0x1cb21d3a9c1341c61df9f357f3e041a200a427dd;0xa191d6bf428ac58498fb789139c3d75d561cb2f7
RAAZ-26-1007,Peel chain,High,0.88,4-step peel chain: each hop sheds 5-14% to a side wallet and forwards the change.,TxDnfZ4tTyo6xsLTNYakEZD5YRubXEWz9S;T6axeTZnVKi6XQghNrWs6punRDnqkZnYny;TpvE4K1geFBSPfGjgYqe1VW3vgqAWNJk49;TfQYsAux6RuixVj1GjJPsoGkjKJQ8qj3Si;TKu4ppQ2owsXyiKQaFKkzazYPRNYNGkPd9;TyRyYc1wLfcoCyjVucresUXis5giah7p1S;T4CZbx4F16VGe7N2Xp5Ck2YB7ust4SDTWx;TZmm4SB9gJa89unpL4RfctLp5VjtaWrreF
RAAZ-26-1007,Fan-in from unrelated sources,Medium,0.78,4 other wallets paid into the reported wallet in the same window - possible additional victims.,TqcUcEceTnhZpXLx8SCK3QVSFgGBpCsa1S;Tb5ue51RedZeRKrquSn8G14a6TKbHhyjLn;TpWkaSFWFujyhd8aNzBpNcApM4abkACtXd;TMqwyp4TY93GGPQyNt7Zup9pc6CyF4VLzV
RAAZ-26-1007,Consolidation before cash-out,Medium,0.82,Multiple layering branches re-merge into one wallet shortly before reaching an exchange.,TaJXqcRHSmfSNjNFNsY7WfGZgnjoyP3vkT
RAAZ-26-1007,Cross-case linkage,Critical,0.9,"Consolidation wallet also appears in 4 other RAAZ case(s): RAAZ-26-1009, RAAZ-26-1037, RAAZ-26-1048, RAAZ-26-1059. Likely the same operator (Syndicate A).",TaJXqcRHSmfSNjNFNsY7WfGZgnjoyP3vkT
RAAZ-26-1008,Fan-out distribution,High,0.91,Reported wallet split funds into 6 fresh wallets within minutes of the last victim payment.,0x06368639d1c782dd1341375b40ed345ec260ef27;0xd3c636490cbff5bc821463acf3100ab15c37f6ad;0x6f66eba30138884204028c8ab8b9bea3a814a31f;0x37b13d5f811e2c5a5b419ec24cb4da274ae1c8e7;0xcdcbf24fefca6dd763676fc88b41faadf47e4c0a;0x67a99a67e33daf2a00bcdd9f5855e8da89cbea62;0xc7b6617c9d9f10b9a2bd4204b51833c231fe8859
RAAZ-26-1008,Rapid layering (high velocity),High,0.84,"Median time between hops is under 30 minutes, consistent with scripted or automated movement.",0xd3c636490cbff5bc821463acf3100ab15c37f6ad;0x6f66eba30138884204028c8ab8b9bea3a814a31f;0x37b13d5f811e2c5a5b419ec24cb4da274ae1c8e7;0xcdcbf24fefca6dd763676fc88b41faadf47e4c0a;0x67a99a67e33daf2a00bcdd9f5855e8da89cbea62;0xc7b6617c9d9f10b9a2bd4204b51833c231fe8859
RAAZ-26-1008,Dusting activity,Low,0.65,Tiny-value transfers received from a single source - possible address probing.,0x12e76999848954bc2a2ffd69f0388d7862c636e8
RAAZ-26-1009,Fan-out distribution,High,0.91,Reported wallet split funds into 4 fresh wallets within minutes of the last victim payment.,TMyQZLqUYXrrPHfz7NrX8HrMo3ws5M2GTg;TwgJKgFL1rzE4hVioiis8bQHPvKSveBRsS;TrycsM2bFNRJhTg4qJnKoxsdXUv3nrYgyY;TWogNzqFcoPySEcXrgwPpEauQo4xYPdEAd;TWhsDH55YgqRWRCAt9vBHk1Bjn5an2RSCz
RAAZ-26-1009,Fan-in from unrelated sources,Medium,0.78,4 other wallets paid into the reported wallet in the same window - possible additional victims.,TkcRy5dBqwmAvYL8qK9bG7rZHhvfEEmmEU;TMbu5vSarCLnouQy8ViqJYQf46kSPk5UQW;THn3qEyuXupddLxDC9Tdd9SHYsKVz4RK8f;TSv5NDYRAGEeh8CCjUY9QGNvwtW2rDdssK
RAAZ-26-1009,Consolidation before cash-out,Medium,0.82,Multiple layering branches re-merge into one wallet shortly before reaching an exchange.,TaJXqcRHSmfSNjNFNsY7WfGZgnjoyP3vkT
RAAZ-26-1009,Cross-case linkage,Critical,0.9,"Consolidation wallet also appears in 4 other RAAZ case(s): RAAZ-26-1007, RAAZ-26-1037, RAAZ-26-1048, RAAZ-26-1059. Likely the same operator (Syndicate A).",TaJXqcRHSmfSNjNFNsY7WfGZgnjoyP3vkT
RAAZ-26-1010,Fan-out distribution,High,0.91,Reported wallet split funds into 5 fresh wallets within minutes of the last victim payment.,0x6c7ffc768706c08d961a247d15efcab1e8d36dbe;0x4e9d3db5fa754da5756657c413d598e5773b7184;0x100efdc535d99f3f1b8f5cb8ee244e1ccfe32ca2;0xd575e1afca8451a9136dba2c7c7def8c13657b00;0x8139002346e86890687082ea3ddb73d2f264a13d;0x7a23e9655417af815085f583e49dbc2b4c417791
RAAZ-26-1010,Rapid layering (high velocity),High,0.84,"Median time between hops is under 30 minutes, consistent with scripted or automated movement.",0x4e9d3db5fa754da5756657c413d598e5773b7184;0x100efdc535d99f3f1b8f5cb8ee244e1ccfe32ca2;0xd575e1afca8451a9136dba2c7c7def8c13657b00;0x8139002346e86890687082ea3ddb73d2f264a13d;0x7a23e9655417af815085f583e49dbc2b4c417791
RAAZ-26-1010,Fan-in from unrelated sources,Medium,0.78,2 other wallets paid into the reported wallet in the same window - possible additional victims.,0x0001404809622b7eadbcde7f87fa1a51f795225e;0xc214a675c97c205b2d42a0445527783bb6691615
RAAZ-26-1010,Consolidation before cash-out,Medium,0.82,Multiple layering branches re-merge into one wallet shortly before reaching an exchange.,0x89686d90de06a6be63ca602cdab6765c4504c519
RAAZ-26-1010,Cross-case linkage,Critical,0.9,"Consolidation wallet also appears in 3 other RAAZ case(s): RAAZ-26-1012, RAAZ-26-1013, RAAZ-26-1014. Likely the same operator (Syndicate D).",0x89686d90de06a6be63ca602cdab6765c4504c519
RAAZ-26-1011,Rapid layering (high velocity),High,0.84,"Median time between hops is under 30 minutes, consistent with scripted or automated movement.",TQqi545kqBTvsZa3iTvEfZzKX7XPv9Usdq;T7mmCQsX2FHoKg5dBrJSFwM1QeXQXZGDAK
RAAZ-26-1011,Fan-in from unrelated sources,Medium,0.78,2 other wallets paid into the reported wallet in the same window - possible additional victims.,TzMRYPJgmBvhHeUvYHemtrx5rLyrweeFtF;TsDBhnSgLPZhFeahuAujGzonq9KWHEBz4T
RAAZ-26-1011,Consolidation before cash-out,Medium,0.82,Multiple layering branches re-merge into one wallet shortly before reaching an exchange.,TaXJKCK9ovAdBPusifBMZffqGgWqouRt8m
RAAZ-26-1011,Cross-case linkage,Critical,0.9,"Consolidation wallet also appears in 7 other RAAZ case(s): RAAZ-26-1003, RAAZ-26-1005, RAAZ-26-1023, RAAZ-26-1039, RAAZ-26-1050, RAAZ-26-1054, RAAZ-26-1055. Likely the same operator (Syndicate B).",TaXJKCK9ovAdBPusifBMZffqGgWqouRt8m
RAAZ-26-1012,Fan-out distribution,High,0.91,Reported wallet split funds into 6 fresh wallets within minutes of the last victim payment.,0xe428c7ef4a63114041287a7cef5b76d5722d21cc;0x5fdb17f036e90bbaa653c7154b87811450b01f6b;0x160107d3350bdfd241640d548f5ff089f218d6c4;0x8dcacb1c44648eb5aa90f4848b51342bd58b78ba;0x5de5d768ebd63bdf8ce14ca6d5cda86ff295702a;0x0c68e5090cfabb0e52752d1217216c80c5fa31e6;0xd067877a33232d512a9531c572477cb306bbea8d
RAAZ-26-1012,Consolidation before cash-out,Medium,0.82,Multiple layering branches re-merge into one wallet shortly before reaching an exchange.,0x89686d90de06a6be63ca602cdab6765c4504c519
RAAZ-26-1012,Cross-case linkage,Critical,0.9,"Consolidation wallet also appears in 3 other RAAZ case(s): RAAZ-26-1010, RAAZ-26-1013, RAAZ-26-1014. Likely the same operator (Syndicate D).",0x89686d90de06a6be63ca602cdab6765c4504c519
RAAZ-26-1013,Fan-out distribution,High,0.91,Reported wallet split funds into 5 fresh wallets within minutes of the last victim payment.,0xaca94354f355772354821efbd41c2fca055f2ddd;0x14e3cb5f7cb8f3fdc2138b89486eeca37fad92e1;0x8f2ddf8338198b6e7cef6107ea398027bf322a2c;0x08178a30e02b81949b6af0f2ee490059a3bf2424;0xb54a021ed529953397a6a050fd33e171fb04de28;0x61582ef5f9feabf95c454e5eaca3dacfdd06eaa0
RAAZ-26-1013,Peel chain,High,0.88,5-step peel chain: each hop sheds 5-14% to a side wallet and forwards the change.,0x5a6e27ee1edaa7c71b274df006f6e319193e8fc1;0x273444ca25d51eefff9b19991998c0c948626759;0x95021a478a7658db491e77cf4d7006b99374f2fb;0x7b1abacbad786cd06a7284baffc41f1c3ff25c69;0xfb51f57f7cc07c0233eb3f905004adecb7400271;0x40dfaf2a3790a216dba6acaf1f641e8175e0123e;0x243ef1d5517c9b719821d7aa3be2b1c8a92e80a7;0xc5e7bd308b71cf3c589b7f61ff962796b4369386;0x763e87eff4c2cb6d2dd7ee9cb2ed8001134b491a;0x0321f98629a00398145adb7b622cf77293005a6f
RAAZ-26-1013,Fan-in from unrelated sources,Medium,0.78,3 other wallets paid into the reported wallet in the same window - possible additional victims.,0x95c8bc0145339e67887313fdb33c609d3017ead1;0x85ae1a991b7e1e85333982ff2882207fb05b9a0a;0x61117a676df92a6e3ce8904149902cc5ac6952bf
RAAZ-26-1013,Consolidation before cash-out,Medium,0.82,Multiple layering branches re-merge into one wallet shortly before reaching an exchange.,0x89686d90de06a6be63ca602cdab6765c4504c519
RAAZ-26-1013,Dusting activity,Low,0.65,Tiny-value transfers received from a single source - possible address probing.,0x4b26e02e9de73b35b4fb64a16972f856a593d050
RAAZ-26-1013,Cross-case linkage,Critical,0.9,"Consolidation wallet also appears in 3 other RAAZ case(s): RAAZ-26-1010, RAAZ-26-1012, RAAZ-26-1014. Likely the same operator (Syndicate D).",0x89686d90de06a6be63ca602cdab6765c4504c519
RAAZ-26-1014,Fan-out distribution,High,0.91,Reported wallet split funds into 4 fresh wallets within minutes of the last victim payment.,0xdad8be477789806118abf047c0ce6bca0c06e87c;0x3671722790c5bea4c88506a8d0d331f78dd7f1d3;0xd8ba284b7f5fb97953245e680f7fc775bae1b774;0xc3a66052838452067fd296c0be2312728a5e4f88;0xfbbd4be6f1129ff605a623cda40bc927c323492d
RAAZ-26-1014,Rapid layering (high velocity),High,0.84,"Median time between hops is under 30 minutes, consistent with scripted or automated movement.",0x3671722790c5bea4c88506a8d0d331f78dd7f1d3;0xd8ba284b7f5fb97953245e680f7fc775bae1b774;0xc3a66052838452067fd296c0be2312728a5e4f88;0xfbbd4be6f1129ff605a623cda40bc927c323492d
RAAZ-26-1014,Fan-in from unrelated sources,Medium,0.78,3 other wallets paid into the reported wallet in the same window - possible additional victims.,0x263cbc135c5f7ee2bbc9d433307e50cf12cda3b3;0x3ed9633e3619895fdd2ee8bd462b9fdd5e5a214f;0x2cb1a980f639e8f93ee48aa6dbfa47bf07777200
RAAZ-26-1014,Consolidation before cash-out,Medium,0.82,Multiple layering branches re-merge into one wallet shortly before reaching an exchange.,0x89686d90de06a6be63ca602cdab6765c4504c519
RAAZ-26-1014,Cross-case linkage,Critical,0.9,"Consolidation wallet also appears in 3 other RAAZ case(s): RAAZ-26-1010, RAAZ-26-1012, RAAZ-26-1013. Likely the same operator (Syndicate D).",0x89686d90de06a6be63ca602cdab6765c4504c519
RAAZ-26-1015,Rapid layering (high velocity),High,0.84,"Median time between hops is under 30 minutes, consistent with scripted or automated movement.",T7j5tg2Wcc5pNbJNmP2hTKyMkZSxCt32gz;Tqwb85vWDNa29eEr4jZg44NWcKxHc9LH5V
RAAZ-26-1015,Fan-in from unrelated sources,Medium,0.78,5 other wallets paid into the reported wallet in the same window - possible additional victims.,TMD4RzPmNVjHb1SLVbsYKpUvsvbiSnNyQY;TyVf4fxpe3DtNovE6XhjtXuvpWM84StFBa;TaqrasXmYB1egUZveWfLeVhFwiNeec2qSo;TaKNGDahg51uNeni2SbXGeg6L1EcDV1Xts;ThQ7YvfCcPkKmMDT1tFKCGnHuAgjEunJJ7
RAAZ-26-1015,Dusting activity,Low,0.65,Tiny-value transfers received from a single source - possible address probing.,Teapzuw1VCkugrPRHbwwWyv6Teq5dGVZY4
RAAZ-26-1015,Funds dormant in layering wallets,Medium,0.8,No exchange deposit observed yet; funds are sitting in layering wallets. Recommend adding to watchlist.,T7j5tg2Wcc5pNbJNmP2hTKyMkZSxCt32gz;Tqwb85vWDNa29eEr4jZg44NWcKxHc9LH5V
RAAZ-26-1016,Fan-out distribution,High,0.91,Reported wallet split funds into 3 fresh wallets within minutes of the last victim payment.,TMVk6tMpAFCSnrivARfWexHQPuHzGRFPBw;THpCedhTEBnqPRBP2Mu4E3eRnnufChfkWq;TGuy27UAXc2gSNyne3b4HSaYibp2Y8MEtr;TM4peDgH4NTHoP8pkCBVZPrpR56CDpTcxg
RAAZ-26-1016,Rapid layering (high velocity),High,0.84,"Median time between hops is under 30 minutes, consistent with scripted or automated movement.",THpCedhTEBnqPRBP2Mu4E3eRnnufChfkWq;TGuy27UAXc2gSNyne3b4HSaYibp2Y8MEtr;TM4peDgH4NTHoP8pkCBVZPrpR56CDpTcxg
RAAZ-26-1016,Fan-in from unrelated sources,Medium,0.78,5 other wallets paid into the reported wallet in the same window - possible additional victims.,TKxcVd3LnYJGL12XCC5VV7ccdDmfBEcfBr;T2NMqX4PXWcPkpWV3B7SJyARAGcXh6afwr;TU9s75dCH7yVnR6vtm8ENPMsnAyM4gKcZw;T8wrsSQVLgmuoH8bWPdDLkYkATZPMZwqt5;TwwdNyBD4aq171TqA59ErwTiTvGUSvBAJ9
RAAZ-26-1016,Consolidation before cash-out,Medium,0.82,Multiple layering branches re-merge into one wallet shortly before reaching an exchange.,TD5dsuRfsnyGGRpaxUmgK1UcP7xDMjkKFe
RAAZ-26-1017,Fan-out distribution,High,0.91,Reported wallet split funds into 5 fresh wallets within minutes of the last victim payment.,0x5be7808eab304c48a3f5f3d6301720702799e5ca;0xb2f08d58e24a14d7f20da968b44b4886cce311e7;0x741af0a87a0583ba1d064ffedfbc19a25c1b8013;0x8ad192b650ec78d0c0bb14727885e782ec3aacd4;0xe7f16bbbd0357699693b50547ba8962e90812fe5;0x705db73fd8b74788221229cdcb5d1c4d1f387987
RAAZ-26-1017,Consolidation before cash-out,Medium,0.82,Multiple layering branches re-merge into one wallet shortly before reaching an exchange.,0x7d97e08c1b728e877573edec907db4a7969187e9
RAAZ-26-1017,Cross-case linkage,Critical,0.9,"Consolidation wallet also appears in 5 other RAAZ case(s): RAAZ-26-1022, RAAZ-26-1027, RAAZ-26-1035, RAAZ-26-1040, RAAZ-26-1060. Likely the same operator (Syndicate C).",0x7d97e08c1b728e877573edec907db4a7969187e9
RAAZ-26-1018,Fan-out distribution,High,0.91,Reported wallet split funds into 5 fresh wallets within minutes of the last victim payment.,bc1qggpfqfclkvwyl8dk0nsr8eaq5maphz4pwpq0qd;bc1qtkrjsxt2pwrdkzjzuea63t0l42pvu9dh5mpw3c;bc1q7z57u8n3knl3dyqfedl97493uzaklgknqv2eq8;bc1qqptuvsr5tgagc36ndjrk7a972j7deltrk3l280;bc1qfcgqyx87rr5e6qkjs5dp620hqpxlqtdqpm8d6m;bc1q0pgzq7884ul09hyyrs4ekrgrvzanxq0qfrp0g4
RAAZ-26-1018,Peel chain,High,0.88,6-step peel chain: each hop sheds 5-14% to a side wallet and forwards the change.,bc1qf3jtdyt7ykx2tk6qu2vmvpjyxv7ek2y6kkc0su;bc1qace8l08m5eyh2vkwpum2ktvxa2q2nsppfvw9wg;bc1qjyqqtfgvrhzh2wg04ryltz2tyqr20nr0779dap;bc1qxk4gjy2d2nz3fk8sejgsvmck9p04l85llz8eex;bc1qgw7g9d2rghw8r0g03qh7smtagvz23czx76pnue;bc1qwytfgdfq0f8vwzgh3t27rfa9hul9kw4mlgdr5l;bc1qcs390ysr2wmgygghhagfkc7sn0c7yugk20j7zl;bc1qakxkpm24320vh06k8dv4khafq53v0xdzlyx9v7;bc1qmu2jljks7uthh5u3ny3zhla8dfclqn9z7ahfkh;bc1qg4wc7yphj9scapfc6tmcmvwqpzznc04u8qq2qq;bc1qkmupwe597dygmjjffp8ggh4sk5sl0f0yj55z2f;bc1qn0j8g6sdryaxfpt6fmtvpz6kyxseyyd274k6ex
RAAZ-26-1018,Rapid layering (high velocity),High,0.84,"Median time between hops is under 30 minutes, consistent with scripted or automated movement.",bc1qtkrjsxt2pwrdkzjzuea63t0l42pvu9dh5mpw3c;bc1q7z57u8n3knl3dyqfedl97493uzaklgknqv2eq8;bc1qqptuvsr5tgagc36ndjrk7a972j7deltrk3l280;bc1qfcgqyx87rr5e6qkjs5dp620hqpxlqtdqpm8d6m;bc1q0pgzq7884ul09hyyrs4ekrgrvzanxq0qfrp0g4
RAAZ-26-1018,Fan-in from unrelated sources,Medium,0.78,3 other wallets paid into the reported wallet in the same window - possible additional victims.,bc1qvf6l2hlsz00f5sfwwzcky4nnq956pc2kz9q5kc;bc1qj0vdwtdcwl6apprp5jg5dlah7yctpaz4yvpf9c;bc1qv73la5ny0n9e0lax7rwq7mt2krcleynwjeca5d
RAAZ-26-1018,Dusting activity,Low,0.65,Tiny-value transfers received from a single source - possible address probing.,bc1q7yzhphasvp6lu8d7jf0pgkqq7c0rz2dldsjr75
RAAZ-26-1018,Funds dormant in layering wallets,Medium,0.8,No exchange deposit observed yet; funds are sitting in layering wallets. Recommend adding to watchlist.,bc1qtkrjsxt2pwrdkzjzuea63t0l42pvu9dh5mpw3c;bc1q7z57u8n3knl3dyqfedl97493uzaklgknqv2eq8;bc1qqptuvsr5tgagc36ndjrk7a972j7deltrk3l280;bc1qfcgqyx87rr5e6qkjs5dp620hqpxlqtdqpm8d6m;bc1q0pgzq7884ul09hyyrs4ekrgrvzanxq0qfrp0g4
RAAZ-26-1019,Fan-out distribution,High,0.91,Reported wallet split funds into 6 fresh wallets within minutes of the last victim payment.,bc1q5566n8tqlvxfrttvuwa84zrscg7wrparfme5ch;bc1q8uwtz8j30nrww7xfsv9tgek47ecu3kjpatk6dx;bc1q08nenuyy7q96ptu50fwnwpeck3gr250l6u9z0g;bc1qdhut4dyz5458mtfxzaanhpfaftz665as69vgn3;bc1qcjcmwp4ap0lztvg4m9ls0su97wppm3yzxt2s6c;bc1qwhfvd5xufug4sft8dfl5teln4sn4xgq4lhja2m;bc1qyclre85emuhsfgl55ytyzfxns0m56ta5dvhasq
RAAZ-26-1019,Peel chain,High,0.88,4-step peel chain: each hop sheds 5-14% to a side wallet and forwards the change.,bc1qft4z7hz2sl2s6huywgc8527mf2ymqxn29mwy98;bc1q4ggq8v5nsahxam3dg6t8w8543562d08drz8x7a;bc1qvap48vfzyfczzfpu52tls3vt5qnyxm4rr6h65f;bc1q0kfkn6cz73szhkzyzppwmd0dd236l3apudna37;bc1qefs46rgjk4xxs7z67tyy6f74ccvnrfzxy9zzsk;bc1qst8mpgnyz582mfh2873yl89pfqmlj0sar0f7cw;bc1qsv2v4xnlz8zy7h0pkfany0c89whkjc4l7lqjca;bc1q5nc6uptrp2p5ac6klef4c478j7txsltcgeed6c
RAAZ-26-1020,Rapid layering (high velocity),High,0.84,"Median time between hops is under 30 minutes, consistent with scripted or automated movement.",TpeVPxQJKJBzzYFHm74QB3UwdS9H5Ad5YN;T5kvF6yhG9iu4Uxi4VmDagwH3b5Baz6GL1
RAAZ-26-1020,Consolidation before cash-out,Medium,0.82,Multiple layering branches re-merge into one wallet shortly before reaching an exchange.,TWssiBJJe9RD1QkDSRmp6UH76b7krJJMgY
RAAZ-26-1020,Dusting activity,Low,0.65,Tiny-value transfers received from a single source - possible address probing.,TS7eRRxJXy9xpB7XqmKw7DjQJeHzobGNw2
RAAZ-26-1021,Fan-out distribution,High,0.91,Reported wallet split funds into 3 fresh wallets within minutes of the last victim payment.,0x29b35d781cf01f22c454eb0798b3a555c21145d5;0x275192cc35c79866d578c50c91c49287c1e7f77b;0xd0f5876fde06d49ad7b2bd9a19641955ce95bc2e;0x0072138671b730b6889cbab727282c629705d2f9
RAAZ-26-1021,Rapid layering (high velocity),High,0.84,"Median time between hops is under 30 minutes, consistent with scripted or automated movement.",0x275192cc35c79866d578c50c91c49287c1e7f77b;0xd0f5876fde06d49ad7b2bd9a19641955ce95bc2e;0x0072138671b730b6889cbab727282c629705d2f9
RAAZ-26-1021,Fan-in from unrelated sources,Medium,0.78,4 other wallets paid into the reported wallet in the same window - possible additional victims.,0x9d94f9bf40be247c1b6fc2fb08671763b9bec406;0x32e7c1ce24fe8d78472b45e32932acfb070275a6;0x5e5e2523da7bf4f8fdecf1274534e99010c6eda6;0xa3c59c4dcd2b2a684d89a26a3e698b35c5ec33d8
RAAZ-26-1021,Dusting activity,Low,0.65,Tiny-value transfers received from a single source - possible address probing.,0x6fb4aeb677b312cbbdf2a80cdfee2f1f20201899
RAAZ-26-1022,Fan-out distribution,High,0.91,Reported wallet split funds into 3 fresh wallets within minutes of the last victim payment.,0x92679b5aca4188f873b7e0029226a6b40cb15669;0x8e680b05f1de803d54ca1f736a6cf4774b7b8dce;0x03cad605f1f044a2d01acc9c66d19b8416e64a01;0x14d171163ada542e051d1286039eadaf1140b8fd
RAAZ-26-1022,Peel chain,High,0.88,4-step peel chain: each hop sheds 5-14% to a side wallet and forwards the change.,0x22f3ee999bc16a632b5a888d818c16ee75c249bd;0xd309e0a093a412a0d445e822e051fe42160a818b;0x9a8b1a9122f8ebacbbf449d7531985f84f5e625b;0x02fea6c49ff0e2c214ef4ef990971301e6bda812;0x1b3c6e6d8aaaee489b571586ec8608f65d355767;0xa974e259dfc112e2a57a0f02f3ad914599efded1;0xb91e55d0a084cbc9178739c3139c33af5c12f865;0x7c4304bc1a1eaef303939ac6a6045e4cd2cd2ea2
RAAZ-26-1022,Rapid layering (high velocity),High,0.84,"Median time between hops is under 30 minutes, consistent with scripted or automated movement.",0x8e680b05f1de803d54ca1f736a6cf4774b7b8dce;0x03cad605f1f044a2d01acc9c66d19b8416e64a01;0x14d171163ada542e051d1286039eadaf1140b8fd
RAAZ-26-1022,Fan-in from unrelated sources,Medium,0.78,4 other wallets paid into the reported wallet in the same window - possible additional victims.,0x6a9349885b1c0d0fc379b75d7ca40a18ee958c56;0x1770325dcd5d934847b27e54618a72172691c20c;0xd2f7f5de735ae87d376d6559fa635bb079065eb2;0x61dee09c05f8423d9250960b9e50f6a32bd1dd81
RAAZ-26-1022,Consolidation before cash-out,Medium,0.82,Multiple layering branches re-merge into one wallet shortly before reaching an exchange.,0x7d97e08c1b728e877573edec907db4a7969187e9
RAAZ-26-1022,Cross-case linkage,Critical,0.9,"Consolidation wallet also appears in 5 other RAAZ case(s): RAAZ-26-1017, RAAZ-26-1027, RAAZ-26-1035, RAAZ-26-1040, RAAZ-26-1060. Likely the same operator (Syndicate C).",0x7d97e08c1b728e877573edec907db4a7969187e9
RAAZ-26-1023,Fan-in from unrelated sources,Medium,0.78,2 other wallets paid into the reported wallet in the same window - possible additional victims.,TK2YPD1LEAcyeN1eQ832VyVTqWxpK4NHty;TU3YgWRzz8KhyzovqZ8LX6jHkuKR3YDQLA
RAAZ-26-1023,Consolidation before cash-out,Medium,0.82,Multiple layering branches re-merge into one wallet shortly before reaching an exchange.,TaXJKCK9ovAdBPusifBMZffqGgWqouRt8m
RAAZ-26-1023,Cross-case linkage,Critical,0.9,"Consolidation wallet also appears in 7 other RAAZ case(s): RAAZ-26-1003, RAAZ-26-1005, RAAZ-26-1011, RAAZ-26-1039, RAAZ-26-1050, RAAZ-26-1054, RAAZ-26-1055. Likely the same operator (Syndicate B).",TaXJKCK9ovAdBPusifBMZffqGgWqouRt8m
RAAZ-26-1024,Fan-out distribution,High,0.91,Reported wallet split funds into 3 fresh wallets within minutes of the last victim payment.,TeHsfyBGerRCcTbeujaV9oTVkHYnqW6MwL;T8McYuaLYXmxGpQY5pMssLmaJ8yNY2U1ag;TW3LewQ4JeC5Lo8zb52LfNC85UTwZXRqtT;TgKK9LEUMMovi6sm9dfpnzH2M2fAM3CkCd
RAAZ-26-1024,Rapid layering (high velocity),High,0.84,"Median time between hops is under 30 minutes, consistent with scripted or automated movement.",T8McYuaLYXmxGpQY5pMssLmaJ8yNY2U1ag;TW3LewQ4JeC5Lo8zb52LfNC85UTwZXRqtT;TgKK9LEUMMovi6sm9dfpnzH2M2fAM3CkCd
RAAZ-26-1024,Fan-in from unrelated sources,Medium,0.78,3 other wallets paid into the reported wallet in the same window - possible additional victims.,TUYq8SkcaCmfk3xyKU3cMi7gGfCHqFpsoz;TTts5WpV3i3QvoeEud7SzVxbDRkzz3CW8V;TXqDYBECEsKDG9BPLmLesrS3MviDn161uV
RAAZ-26-1025,Fan-out distribution,High,0.91,Reported wallet split funds into 5 fresh wallets within minutes of the last victim payment.,0x452e1c4112fdf16e84809930e71b128338a1f061;0xa1affe1e252bfe801b06a23efae099e8bc53539e;0x69685492189cee04363a9165f5ae5ec44535d48a;0x16997b6497b50d0b5db0db6dba07e471a7a22873;0xca839ea8d8d9a5c28971a3f58aa612285c6841d0;0x398eeb57dd315cc401aed6d045272caf323ca249
RAAZ-26-1025,Rapid layering (high velocity),High,0.84,"Median time between hops is under 30 minutes, consistent with scripted or automated movement.",0xa1affe1e252bfe801b06a23efae099e8bc53539e;0x69685492189cee04363a9165f5ae5ec44535d48a;0x16997b6497b50d0b5db0db6dba07e471a7a22873;0xca839ea8d8d9a5c28971a3f58aa612285c6841d0;0x398eeb57dd315cc401aed6d045272caf323ca249
RAAZ-26-1025,Fan-in from unrelated sources,Medium,0.78,2 other wallets paid into the reported wallet in the same window - possible additional victims.,0x752e2360f01170aa53e51110288df84f1ff318d3;0x99a728e516019a995dd60dbdb7b2cdd92198873f
RAAZ-26-1025,Consolidation before cash-out,Medium,0.82,Multiple layering branches re-merge into one wallet shortly before reaching an exchange.,0xfbc1f9ee2e85b6a2a8f3cd4f62d474a9a2df2126
RAAZ-26-1026,Fan-out distribution,High,0.91,Reported wallet split funds into 3 fresh wallets within minutes of the last victim payment.,0x3c2347ab862823bb3c509ac82ee7f6756986feea;0xe7ae4648e351a410a7b8f133a0706910307886de;0xcdcf2e682a72aba21764b6fc0c6d82645b7cd198;0xfeec4f364284eaade32a45cbeb4602b8ef297e78
RAAZ-26-1026,Consolidation before cash-out,Medium,0.82,Multiple layering branches re-merge into one wallet shortly before reaching an exchange.,0x732595ae2118b6fca26a2894c8d6eeca3ffebfdb
RAAZ-26-1027,Fan-out distribution,High,0.91,Reported wallet split funds into 6 fresh wallets within minutes of the last victim payment.,0xf4a556fe8ad5b7c378b8b8b8dc7a0ddcd0cf07a3;0x07bbc1616e4885614ed9055abf178358f1e87291;0xc235d5776154ba53955e00c72e9311f447bc4708;0x88bab6c3bab2faff225f4bb1a67c4644728af4e3;0xa5c9187061614209f13a382521c7945dd46dbaaf;0x5d97348e70c5b21d7cdb5e212a832e956f822c37;0x266abd45bccd521f41ea8f06a3900c7efe3d140a
RAAZ-26-1027,Peel chain,High,0.88,6-step peel chain: each hop sheds 5-14% to a side wallet and forwards the change.,0x47014f416668bfebe647a9f7286f1bcef392d127;0x7d32a168ff2cb0c78eff183741913da40e53ce28;0x71726233f5716faf7004d9d35cea9522cdab354f;0x7b4ebfb66d5f0ed4da621875380f95ba5244529b;0xfa6c73e2275185a0cea1d5761c58c5c7eacbaac3;0xdc52ae51f7268995bb981f1b7b3dacabedca8f1d;0x020f52eb5ff706ab53c7cb8b40427b3c315557a2;0x1f7dbf69f2ad6706cd1865a3e7f9fe22b9ef474c;0xb9ab4995d27738cee34c77a35474f45ac80a4244;0x308a68f81ab480c476875947afcf6001786b809f;0x8da0d56cbdaee276ba4082c214295eec4d1b0ff4;0xf4021021a37309f770c7732ae0b66fcbe3a28ace
RAAZ-26-1027,Mixer / tumbler usage,Critical,0.95,"1,034.52 USDT sent into Obscura Mixer; outputs linked probabilistically by amount and timing.",0xfc15c19543e95a33d8db7989cb39a07f066fb153
RAAZ-26-1027,Fan-in from unrelated sources,Medium,0.78,5 other wallets paid into the reported wallet in the same window - possible additional victims.,0xa57df6b6a0c7b7e54c2f58aa865f291f9959b967;0x86e891dc307f7e24afdc0cd59e8082c1625d4c71;0xc8738f8f012fca7d6792bc9434d96cd28a18f1fb;0x7c35e8af6503855565602e77934ac42a9f232868;0x314abd501c28435e9149be6f633c8ccde3dd1e16
RAAZ-26-1027,Consolidation before cash-out,Medium,0.82,Multiple layering branches re-merge into one wallet shortly before reaching an exchange.,0x7d97e08c1b728e877573edec907db4a7969187e9
RAAZ-26-1027,Cross-case linkage,Critical,0.9,"Consolidation wallet also appears in 5 other RAAZ case(s): RAAZ-26-1017, RAAZ-26-1022, RAAZ-26-1035, RAAZ-26-1040, RAAZ-26-1060. Likely the same operator (Syndicate C).",0x7d97e08c1b728e877573edec907db4a7969187e9
RAAZ-26-1028,Fan-out distribution,High,0.91,Reported wallet split funds into 4 fresh wallets within minutes of the last victim payment.,TeXY9z3tm5qWJMx7vfLp16dPZZK1eXX6vz;T8ar7FkWTfuGnmRSAEzREXRzxxqY7cWZXX;T56tn34JGZEhxVawF7U9aau4yinRBo5hXa;TFBmDQBkpwEZPjCaevvRkfxPdgF7RomCbo;Td5HhcAFcmJJDoxZpcmd2RiKeZAwpw6fvT
RAAZ-26-1028,Fan-in from unrelated sources,Medium,0.78,2 other wallets paid into the reported wallet in the same window - possible additional victims.,TmyLy6gLg5yLuh4LaXv8KmVZXQxUVZWakj;Tm4RxjSY9XnvkBPtXcdwGDQDsNtLriwmw8
RAAZ-26-1028,Dusting activity,Low,0.65,Tiny-value transfers received from a single source - possible address probing.,TYZmSid5sYnyzjb7a4mPAA79hxfR1WXhNV
RAAZ-26-1029,Fan-out distribution,High,0.91,Reported wallet split funds into 6 fresh wallets within minutes of the last victim payment.,T7gMqk5qdM6FMUF86paWPeVBRur7v6E3HJ;TweNUk7FiJT114aGNN7tEYiTk2qCgAH7YN;TwRMYF1TNaMAeogNX1ZnDjeosNJy2NqLXX;TFiCsXWEpFv8b3ytFaRJ3C8PXkBnhxGTKm;Td7ULB2rEHVTXEjQkwuJx14JYQVD7W4MMN;TrbNnL1PVufaGzdA5osvC2dbSN8DnjPBTZ;TqeMXdVxb1NCtk4KSfMbdVn4DZkcvFh4z5
RAAZ-26-1029,Cross-chain bridge hop,High,0.86,Funds moved from TRON to Polygon through ArcBridge.,TgTLW8r12LDjJJDnvLznRmxT95Wvb25XTi
RAAZ-26-1029,Fan-in from unrelated sources,Medium,0.78,3 other wallets paid into the reported wallet in the same window - possible additional victims.,T2WW1EP9pwqPcRW7NWTC7rcZJdHavwt1Ve;TMBn9ov5BUcUAtRB31dV9jUghRNYkGSbUb;TECa4bfPSmEz7xDCHu82kz3P1zY6P3xAkP
RAAZ-26-1029,Funds dormant in layering wallets,Medium,0.8,No exchange deposit observed yet; funds are sitting in layering wallets. Recommend adding to watchlist.,TweNUk7FiJT114aGNN7tEYiTk2qCgAH7YN;TwRMYF1TNaMAeogNX1ZnDjeosNJy2NqLXX;TFiCsXWEpFv8b3ytFaRJ3C8PXkBnhxGTKm;Td7ULB2rEHVTXEjQkwuJx14JYQVD7W4MMN;TrbNnL1PVufaGzdA5osvC2dbSN8DnjPBTZ;TqeMXdVxb1NCtk4KSfMbdVn4DZkcvFh4z5
RAAZ-26-1030,Rapid layering (high velocity),High,0.84,"Median time between hops is under 30 minutes, consistent with scripted or automated movement.",0xa48292c848ea8b6c0f8dfc5465f711cf3500550e
RAAZ-26-1030,Fan-in from unrelated sources,Medium,0.78,4 other wallets paid into the reported wallet in the same window - possible additional victims.,0xfff9b803f821f2d72182db2b4febaa48edbeddd6;0x26e527a7f819738d2464bf8ca393da207927f355;0x2bb96ba403f9ee817fee57bf57318c282f092050;0xc0a156877d78fa703abc2a2ddfb8c86a923bb35d
RAAZ-26-1030,Consolidation before cash-out,Medium,0.82,Multiple layering branches re-merge into one wallet shortly before reaching an exchange.,0x4623dafd7318f19478169f2e45934856b17fe24e
RAAZ-26-1031,Fan-out distribution,High,0.91,Reported wallet split funds into 4 fresh wallets within minutes of the last victim payment.,bc1ql5lt226na59sja572hkactydhhujs89hlhpuar;bc1q8pd8gtxut8dvs0nvdeyp5svhh090y8ge505w03;bc1qm7pp58t8xqsq2v7ehqt82phzy0s8vgze6s87mx;bc1q0j7h22h5mq2kn9nw7t7e9fmakauycmggqdu0w4;bc1qlupcqs36pu2a6cmva9pjr07g6xysefpppyvp55
RAAZ-26-1031,Peel chain,High,0.88,5-step peel chain: each hop sheds 5-14% to a side wallet and forwards the change.,bc1qfl2mhhm42t25kgp5e9fdm4ljy6kzgh45w5gnut;bc1qumzq04eees7vwgp0j3xve9q03cxpdkr0s683nm;bc1qvtgefsm3ayu8hzkzc2y945knec7jsxtvhsc73d;bc1q859wu04ay08wthpdjxlgy4smry64mlc49dsx6l;bc1qzvpfmtp6pyn6wknl00ahckcf0as86klntt0mr2;bc1qwm303lcrj9lapahr0pv554au2mntgqs2tan836;bc1qtzn7sa9t3ackddla5uejdelfgeah36k26e5tsu;bc1qk9z7wh7jpqancapv8l6etvu4uxu47e7capzqg2;bc1qul694p9jl08gxafmjwe5hmh7uv72h09vm99ytd;bc1qa5fewm2r9p46jqcpukglp6je3ugtep7hlktnsl
RAAZ-26-1031,Mixer / tumbler usage,Critical,0.95,0.000854 BTC sent into Umbra Tumbler; outputs linked probabilistically by amount and timing.,bc1qqk0t7p3r6q49r7heu43dyzqwr0v8cax6gjqt3f
RAAZ-26-1031,Rapid layering (high velocity),High,0.84,"Median time between hops is under 30 minutes, consistent with scripted or automated movement.",bc1q8pd8gtxut8dvs0nvdeyp5svhh090y8ge505w03;bc1qm7pp58t8xqsq2v7ehqt82phzy0s8vgze6s87mx;bc1q0j7h22h5mq2kn9nw7t7e9fmakauycmggqdu0w4;bc1qlupcqs36pu2a6cmva9pjr07g6xysefpppyvp55
RAAZ-26-1031,Funds dormant in layering wallets,Medium,0.8,No exchange deposit observed yet; funds are sitting in layering wallets. Recommend adding to watchlist.,bc1q8pd8gtxut8dvs0nvdeyp5svhh090y8ge505w03;bc1qm7pp58t8xqsq2v7ehqt82phzy0s8vgze6s87mx;bc1q0j7h22h5mq2kn9nw7t7e9fmakauycmggqdu0w4;bc1qlupcqs36pu2a6cmva9pjr07g6xysefpppyvp55
RAAZ-26-1032,Fan-out distribution,High,0.91,Reported wallet split funds into 3 fresh wallets within minutes of the last victim payment.,TgF1jhLdc4QXKPHJReckh94wm8ocQ5wN3L;T1dS5SNFMoqP2bR5TFmcGKspzNpWUohM67;T9ZYuv9zciCYQddm9FoZknZWJhATfiug69;TGZaJg42eizZPMX2of987KrkeQ6YhMD8ty
RAAZ-26-1033,Fan-in from unrelated sources,Medium,0.78,5 other wallets paid into the reported wallet in the same window - possible additional victims.,0x6d033adcfdd25ac853cd4e8c1460aedec7bb45fc;0x6ba83437dbbd00156307ae4af027e58e070ac11f;0xc55d8c109444e9418ec498b2e4d7d4af3f75c1a9;0x6b2a1437de6ab410ef42eca78266886537a2ef9f;0x0f7a777686860fe8f005d6fe7a7d66304e4ae627
RAAZ-26-1033,Consolidation before cash-out,Medium,0.82,Multiple layering branches re-merge into one wallet shortly before reaching an exchange.,0x29db0b1faa2f8f09b7e316da78eacea7dde66d57
RAAZ-26-1034,Fan-out distribution,High,0.91,Reported wallet split funds into 4 fresh wallets within minutes of the last victim payment.,TzRMJBjTkpb4ueMbJq7rb4b5uLpdFL3doU;TpE1zXB8fG3LDYQGd1VREbCtSJS85dTGyM;TxwgtGEqSve4ELTUqvpDw4uxyi8HieRbFs;TqgdbTSKCxzq73D9tnmWaxUyHTSnVgKuW7;TmBan2CMgmjQssypRtRFzMWYCqyMPLiMMD
RAAZ-26-1034,Fan-in from unrelated sources,Medium,0.78,5 other wallets paid into the reported wallet in the same window - possible additional victims.,T5TGKKeKPQPWrYigvt6e791YHX199wXvnn;T2pD3PQc2EDHmszbzZw8KPEWbihjsL6hpU;TSJgiJFLPKg1EnMUCSee4HwSPieDbTAzAD;TNErtfQPg5mMuaTttzWmajccRunWrTXvHA;TyMZH9hWxQvWo8X6YfPxXqbBfqvwj8PxX3
RAAZ-26-1035,Mixer / tumbler usage,Critical,0.95,165.5694 BNB sent into Obscura Mixer; outputs linked probabilistically by amount and timing.,0xfc15c19543e95a33d8db7989cb39a07f066fb153
RAAZ-26-1035,Rapid layering (high velocity),High,0.84,"Median time between hops is under 30 minutes, consistent with scripted or automated movement.",0x35e2fb71f06c0e69e24bdff492e95d7e26faaf9f;0x44163956173252881594af66a0d956172f6f67e9
RAAZ-26-1035,Fan-in from unrelated sources,Medium,0.78,2 other wallets paid into the reported wallet in the same window - possible additional victims.,0xbcc3988d260030e18c9ce3d73da763032a6cb4f2;0x5150bd286dabaea945098cf5420cd270a20d5c7b
RAAZ-26-1035,Consolidation before cash-out,Medium,0.82,Multiple layering branches re-merge into one wallet shortly before reaching an exchange.,0x7d97e08c1b728e877573edec907db4a7969187e9
RAAZ-26-1035,Cross-case linkage,Critical,0.9,"Consolidation wallet also appears in 5 other RAAZ case(s): RAAZ-26-1017, RAAZ-26-1022, RAAZ-26-1027, RAAZ-26-1040, RAAZ-26-1060. Likely the same operator (Syndicate C).",0x7d97e08c1b728e877573edec907db4a7969187e9
RAAZ-26-1036,Rapid layering (high velocity),High,0.84,"Median time between hops is under 30 minutes, consistent with scripted or automated movement.",TWAvVSwKodGYvUjaFeevi1NoccPbToRcc6
RAAZ-26-1036,Consolidation before cash-out,Medium,0.82,Multiple layering branches re-merge into one wallet shortly before reaching an exchange.,T2FFPVjR9khsjZ2aCitT2zmzKZSivjgguh
RAAZ-26-1036,Dusting activity,Low,0.65,Tiny-value transfers received from a single source - possible address probing.,TJ5L2kRd2TPqb1CZ3mraMtSMWtCbQtfAyb
RAAZ-26-1037,Fan-out distribution,High,0.91,Reported wallet split funds into 3 fresh wallets within minutes of the last victim payment.,T6YLtrRo5sPRxin8sUbzgfVrqjGvXgAfur;Txmm1yaj3NntHVawemtZAak19Fa2CNNuW4;TXyNnXz8YSaf8kTgLtu8u7uCzHrzsvMMnj;TyvAyNMQVLXSfMtFdaBiNcfd3mbGEXZWQ5
RAAZ-26-1037,Rapid layering (high velocity),High,0.84,"Median time between hops is under 30 minutes, consistent with scripted or automated movement.",Txmm1yaj3NntHVawemtZAak19Fa2CNNuW4;TXyNnXz8YSaf8kTgLtu8u7uCzHrzsvMMnj;TyvAyNMQVLXSfMtFdaBiNcfd3mbGEXZWQ5
RAAZ-26-1037,Consolidation before cash-out,Medium,0.82,Multiple layering branches re-merge into one wallet shortly before reaching an exchange.,TaJXqcRHSmfSNjNFNsY7WfGZgnjoyP3vkT
RAAZ-26-1037,Cross-case linkage,Critical,0.9,"Consolidation wallet also appears in 4 other RAAZ case(s): RAAZ-26-1007, RAAZ-26-1009, RAAZ-26-1048, RAAZ-26-1059. Likely the same operator (Syndicate A).",TaJXqcRHSmfSNjNFNsY7WfGZgnjoyP3vkT
RAAZ-26-1038,Rapid layering (high velocity),High,0.84,"Median time between hops is under 30 minutes, consistent with scripted or automated movement.",TzkLJu974Xzo5TVWwgLvpakZQguhBHjPz8;TKNBKvXjT569cMipTobpYJUVLXJCJYoVdA
RAAZ-26-1038,Fan-in from unrelated sources,Medium,0.78,2 other wallets paid into the reported wallet in the same window - possible additional victims.,Taop41XLa3fKPiANmcpaAf4irJqyTeeN14;TFrYq4XHDMds9gvQc2sz3ofDfAq4fVMnn2
RAAZ-26-1038,Consolidation before cash-out,Medium,0.82,Multiple layering branches re-merge into one wallet shortly before reaching an exchange.,T9GvAbdgyL1LZJkfeUeU22NNCyJUaFMwGY
RAAZ-26-1039,Fan-out distribution,High,0.91,Reported wallet split funds into 6 fresh wallets within minutes of the last victim payment.,TAiiRhFnQ1MXkU3zyEGteyDMxfCWK4uEZu;TXwgXDdyv5JLjEDpv7nfEYnzwHqXPMSwGJ;Tc7a31TzsgFW6qBB3YBS3rN7rrxA7z3h5z;TA12sHKd7oiL9veJcnxUYgwUdHN85nkKBg;To5snh15KDiEd1KK9QAxYC6iETrM43bA7i;TgeLTAyycL3BiHFUDmhMrjfznxcGsaSB8e;TYWFbeFG9uFBtYfMVcvATnVhECtycTusVY
RAAZ-26-1039,Fan-in from unrelated sources,Medium,0.78,2 other wallets paid into the reported wallet in the same window - possible additional victims.,T6FkZk1aAxpqUaeprcww8FUitySbwKXqsY;TErX6HawLhXV5fw8bhyWxgnqYnLLwuBaTK
RAAZ-26-1039,Consolidation before cash-out,Medium,0.82,Multiple layering branches re-merge into one wallet shortly before reaching an exchange.,TaXJKCK9ovAdBPusifBMZffqGgWqouRt8m
RAAZ-26-1039,Cross-case linkage,Critical,0.9,"Consolidation wallet also appears in 7 other RAAZ case(s): RAAZ-26-1003, RAAZ-26-1005, RAAZ-26-1011, RAAZ-26-1023, RAAZ-26-1050, RAAZ-26-1054, RAAZ-26-1055. Likely the same operator (Syndicate B).",TaXJKCK9ovAdBPusifBMZffqGgWqouRt8m
RAAZ-26-1040,Rapid layering (high velocity),High,0.84,"Median time between hops is under 30 minutes, consistent with scripted or automated movement.",0xa37fa35b6c008208d11f3ea6f30612fb6aa365de;0x1938b33da765466e0cc9073deff328b2f75b4cd3
RAAZ-26-1040,Consolidation before cash-out,Medium,0.82,Multiple layering branches re-merge into one wallet shortly before reaching an exchange.,0x7d97e08c1b728e877573edec907db4a7969187e9
RAAZ-26-1040,Cross-case linkage,Critical,0.9,"Consolidation wallet also appears in 5 other RAAZ case(s): RAAZ-26-1017, RAAZ-26-1022, RAAZ-26-1027, RAAZ-26-1035, RAAZ-26-1060. Likely the same operator (Syndicate C).",0x7d97e08c1b728e877573edec907db4a7969187e9
RAAZ-26-1041,Fan-out distribution,High,0.91,Reported wallet split funds into 4 fresh wallets within minutes of the last victim payment.,TMkFtfgVQACciACyKgrub93s4o6G1JzxTV;TWfoXsvCaZUSf9Fwda6ajaJYbEPVGDdtXf;T64AmcNBYjNPpnChAiRdj2uQ42V8waB4Ah;TvyK2guTNR9rbX2Jxs81WixQQDWedPDkyc;Thv3F84NugpzVa4NkLo5Phr8x4GdgTcpss
RAAZ-26-1041,Fan-in from unrelated sources,Medium,0.78,4 other wallets paid into the reported wallet in the same window - possible additional victims.,TBr62MWdPMEzTDHoNjXPzy1gebNrpVrtsc;Tii6KwwbShvgMrW1poo9H6423ahaVLuaWD;Tmhim7cK8w1YRSxWZzqsjS3hgS6vTYZm1Y;Tw1ovtQXP7gyeUpoLeMnyxTHyLBXVxUmBb
RAAZ-26-1041,Funds dormant in layering wallets,Medium,0.8,No exchange deposit observed yet; funds are sitting in layering wallets. Recommend adding to watchlist.,TWfoXsvCaZUSf9Fwda6ajaJYbEPVGDdtXf;T64AmcNBYjNPpnChAiRdj2uQ42V8waB4Ah;TvyK2guTNR9rbX2Jxs81WixQQDWedPDkyc;Thv3F84NugpzVa4NkLo5Phr8x4GdgTcpss
RAAZ-26-1042,Fan-out distribution,High,0.91,Reported wallet split funds into 4 fresh wallets within minutes of the last victim payment.,0x373473f89fbb423fa5cc3c1d9d5c39ca5cb1f863;0x5af804bd894094b22b1002fd4ac8e8beb935c4c2;0x9edc2e3488ad9b837be9eec7b5ab8a91d9c89268;0xb5afae93c2998cdb99890a0b9f99d0cae59f28b5;0x07d310bde9cb562c239a0b8ab57b4ae563ff4af6
RAAZ-26-1042,Cross-chain bridge hop,High,0.86,Funds moved from Ethereum to BNB Smart Chain through HopLink Bridge.,0xec798bb8e37916ccd2813f8abc36f83907fb9216
RAAZ-26-1043,Fan-out distribution,High,0.91,Reported wallet split funds into 3 fresh wallets within minutes of the last victim payment.,TtoA5FepmKVEik5d4HdhuJCZUKkrkVBBwV;Tu84xubvV8amJ2xc6XLYSRtQ4MqLUbdDV9;TNUZeDvN3ATqfbcXyj9XJDpJdD5Z5WknDR;TRUHD9shAHgpjpCkja1Fxsj9evCJgXAQYv
RAAZ-26-1043,Peel chain,High,0.88,6-step peel chain: each hop sheds 5-14% to a side wallet and forwards the change.,TL1cp4YgRjHutdmtvAz7z9rN5HKTdDrvg2;Tgy2vTyf9jhBdN383r3UEs9mG8x6AJG8hm;TBVjH6aJtb5i4xrx7AuB7mT2aLkUTYqrMg;Tnqz3PvvjUBSwwT2qT3J2RinqRvemxwUZ2;T5TvmgyZSQeepAArAGtohqZPSWgAy74qrg;TY9U7jzJsgWMUMRBqR5RXjxez4VEvjfSXi;T3o4qNGa6WJenZWDufaNA3FUBrc9a9JjUT;TSR6XazbJj2864SDtEeji668gjn6qS985v;TwoVJCYoMVNkB5zfi7BHC6UAY8eReQK8Q7;TeQNR2PbJJzVTYAZwEjPSMhNZGMmNGjsVh;T6U3geEdiB9hwSAB3Kz2oFqvVtCd5vxFKK;TEohpetLJRH2nw2brUtKbD5J5Md9fv1DBK
RAAZ-26-1043,Fan-in from unrelated sources,Medium,0.78,2 other wallets paid into the reported wallet in the same window - possible additional victims.,TPy211XADoYfRTRoEbtAvHMahSNarURgbg;Tm52xwY2LD2CeRGdvFg9uC4pD1NXXNzH6k
RAAZ-26-1043,Dusting activity,Low,0.65,Tiny-value transfers received from a single source - possible address probing.,TaTKtjUho6s68vp7zcwkPCLdoQ7TMx3g5S
RAAZ-26-1044,Fan-out distribution,High,0.91,Reported wallet split funds into 4 fresh wallets within minutes of the last victim payment.,TAgvgqYQze9swebfT3F23BF39cLM63kTmS;Twjw2pcFiLwgysemzMkg6Ka2YoomgUG7ju;TMfWv2ZwxiKG4LkXv2Vfbes1Rg8TJMX1sC;Td24T3dqqXEEajq2Jy82do3HVfaxQBoAkA;TfR9tvkkiknQyzhNtk1xu9skt5rAtpzqqS
RAAZ-26-1044,Peel chain,High,0.88,6-step peel chain: each hop sheds 5-14% to a side wallet and forwards the change.,TM69Wwb7jCfQFPmjF4Jzu4wqQW6a8ni3YP;Tm2ikPTcGkdGD3tRVBzYXsnrexNxNrWBq5;TNsmW96ENLGpAVAeK7T9CfdwrmGYCx1D4y;TaKQBdmDtcTEyVy1p4EZeiSxptEY7foRXy;TMMTRM2KxR1bfQ6Z7fWjsncXjjS4zNH7vH;TDY6SWPWmSgAb7cwMzPXtw6twCSuPVF65z;TQVS7hK2iNr3DyC3MckH9irYmU2bm6BrtX;TjtpTtCoqGQ1t6syKdicwUUgTAbJcwkGjx;TDjYJg4A3rjobFEaC5GP2bk6JkMjFfww9q;T8Hwqjenq8U93deXVfwg6BCa8upr2cUqLv;Twj4gDFm8smpBQqJDU5wJumJPUDYGvp5Jm;TDCTT55tr8CetFgXcWsQhtGSg6THqfQ6XJ
RAAZ-26-1044,Rapid layering (high velocity),High,0.84,"Median time between hops is under 30 minutes, consistent with scripted or automated movement.",Twjw2pcFiLwgysemzMkg6Ka2YoomgUG7ju;TMfWv2ZwxiKG4LkXv2Vfbes1Rg8TJMX1sC;Td24T3dqqXEEajq2Jy82do3HVfaxQBoAkA;TfR9tvkkiknQyzhNtk1xu9skt5rAtpzqqS
RAAZ-26-1044,Fan-in from unrelated sources,Medium,0.78,4 other wallets paid into the reported wallet in the same window - possible additional victims.,T8J7UnbEgLrdFFZVbAiM3SrJT2W7AGhXmS;TqJUxijKR3yijMzeGWodFeZcpe4XK3dFSW;TzXTEApVWMPAx52bVC11tFZ9Lutt1oJCxY;TuaXuKsaBQ1QkKHxV4WSEk9gBVSWw5giUH
RAAZ-26-1044,Consolidation before cash-out,Medium,0.82,Multiple layering branches re-merge into one wallet shortly before reaching an exchange.,TogtMNdpKKuVoqHCE9bQSdq3oh1JKJPFsb
RAAZ-26-1045,Peel chain,High,0.88,4-step peel chain: each hop sheds 5-14% to a side wallet and forwards the change.,0xd045047cf5c553ec16c26a4148a06ebc279a1312;0x14f51884e4df83bdd9b306badb7d19755142afca;0x8fb04d15f20d691e0278f53471710bd68d9688ad;0xbacd5fb405234b8814441f24a07584a9063ee735;0x88bc46f7785c3c34a2b9a7ff565c12c27338ce5c;0x69a3ccf5821f046654c6d4e63a1792ba60404dd5;0x9aeae9182158f875a17b5b308ee972e9eb6f10e0;0x847d269a8e6d1c46acdf2a69fce184dca9b10865
RAAZ-26-1045,Cross-chain bridge hop,High,0.86,Funds moved from Polygon to BNB Smart Chain through ArcBridge.,0x88ff3924cb99a3866c4767a1c3034521ee3bea38
RAAZ-26-1045,Fan-in from unrelated sources,Medium,0.78,5 other wallets paid into the reported wallet in the same window - possible additional victims.,0x1c8126781f51fe8a251b02398c7f3c290af8b428;0xd418c7359e56f114199ac73fb55deb169f842d17;0xb165e55b954311cd41575d3b11be65e41610c225;0x0799fca1df223aea3b6f027b0967cc141ff47b3d;0xe3cc77dcd61626c012f2a0260a9044d8efd5bee2
RAAZ-26-1045,Consolidation before cash-out,Medium,0.82,Multiple layering branches re-merge into one wallet shortly before reaching an exchange.,0x29a5799e0d80222d76b4b6647805818a469a4c63
RAAZ-26-1045,Consolidation before cash-out,Medium,0.82,Multiple layering branches re-merge into one wallet shortly before reaching an exchange.,0xf86035d4e5e287020724b9f32b71ada82e85dad4
RAAZ-26-1046,Fan-out distribution,High,0.91,Reported wallet split funds into 6 fresh wallets within minutes of the last victim payment.,bc1q4wfqdsk39puy4cp3wm490cjnueemz77d0g5a67;bc1qpc2xwxp9q5ftd89pq0heycuayt8h0w96u5dnsj;bc1q7am6aajnuxteqp2fgtt3h5vts8lnmm26935llu;bc1qhw468fmpw2e7shmu7x3fct9l9fexj7qqy3qkng;bc1qm7q2wtyp9vxg6k0ywk96v7hsp7a75dqn5ztg80;bc1quk66qq0glxq6gpadr72t00vcajerdncxtyrmgz;bc1qzkg9svenrjefgrrwgwmfxjj2wd5gkj6n77d0c0
RAAZ-26-1046,Peel chain,High,0.88,5-step peel chain: each hop sheds 5-14% to a side wallet and forwards the change.,bc1qqxxw6s68k28y222aaukhtx5qqcf0a450nh4enp;bc1qvthljqxrjn8tctff9n5dxya3lcefp4h6f5evz3;bc1qnjv8llfs3p8ep92yt3kudupurh24996wcxpr6a;bc1qvc76ewp8f5f206zurwgsaum2md3yzd3wzh9pk2;bc1quaufvhzcypemjtza0rjg49sparfhkreaaffn73;bc1qjjum92s6hhwrzktw3a6mwkx8amg5qaa20xk4qt;bc1q4p72dh3v8w6f2wdu42t6w8swj6mc4vrvl26rn2;bc1q4l3w35d567xzfmn7z0yczzrhe8yzdh0jv53y97;bc1qyth5t2u3t6ej35wv3vv3ueeyc2fv68308xnnuq;bc1q93l2u0kqh7wqzyxzcdnxkr36mqefwknr0cukxy
RAAZ-26-1046,Fan-in from unrelated sources,Medium,0.78,2 other wallets paid into the reported wallet in the same window - possible additional victims.,bc1q4lmh3mn55td6tfyl67e2pjz5mynkeljmt5gxpy;bc1qetf3twryw75me0f7yx3f2ezzwrjerz20er429e
RAAZ-26-1046,Consolidation before cash-out,Medium,0.82,Multiple layering branches re-merge into one wallet shortly before reaching an exchange.,bc1q87ud68gytrxn636qumk4k2x0qegn37a5zkhrss
RAAZ-26-1047,Fan-out distribution,High,0.91,Reported wallet split funds into 6 fresh wallets within minutes of the last victim payment.,0x54000f712c346eecb3027209b0fa76ec2a819ee8;0xd9155b74d6e41254f2d259a3788027196da46fcc;0x4e262ad481b11221221a606d09dc27b2ff4cc56b;0xdcbbe7d029c546dd70ec73013e249daac6374835;0x9ee08c3e4bba9bd13d1c71b32fd25bd261339074;0x5dae00480dbc4dcba108dc7703a2bb2a7f04d711;0x397bd33d5b1b2be70e035b3a999b6bc5e7bd0417
RAAZ-26-1047,Peel chain,High,0.88,4-step peel chain: each hop sheds 5-14% to a side wallet and forwards the change.,0x9494eea1497ba324ab976f7f4a9e78751e18422a;0x9674ed9068d30a9bdd6bc4db0d1c103fd90bd1f5;0x8098e8c20d1be2939cbbd5e35fa50b6736cc2ce9;0x60d66f7602b03891eb64ac85782901600eb32a08;0xce1c2902f536747c1d9d719108ddf8f042928e96;0xcd8313c3dc4eeba09cd1b872122bf4924a0a573d;0xb6070332656f137baf748499f1ecebad534654ab;0x392e7e0ce6fa5acf0cd28d4f7fead1ca6824c8fe
RAAZ-26-1047,Mixer / tumbler usage,Critical,0.95,0.97374 ETH sent into Obscura Mixer; outputs linked probabilistically by amount and timing.,0xd5393b28e9a8d0539206f8d25f32a83bfa234907
RAAZ-26-1047,Consolidation before cash-out,Medium,0.82,Multiple layering branches re-merge into one wallet shortly before reaching an exchange.,0xdcc087befc73e7508b467a61238f524aeb1a8b58
RAAZ-26-1048,Fan-out distribution,High,0.91,Reported wallet split funds into 5 fresh wallets within minutes of the last victim payment.,TGsRGyN1csQ19FGdv7nxvfZu53ziucywXD;TkFYQtxcuEFZbgbGdXTq75XJWHZF5rVMXi;T3fZQezELxtnrC3egZJLGEFfFVd9Q7om3q;TYzGqfcGQGvgP7KKiy6PKTcX9qvzUVfKvN;Tic7zAwHMPXNDjrzYUvqDsyGRBjWwH1q2E;TRpw1g96YrV9KBzkNvScVc8kjp4MxJMywV
RAAZ-26-1048,Peel chain,High,0.88,4-step peel chain: each hop sheds 5-14% to a side wallet and forwards the change.,THrDSTMWCtqQR9qC22cAXhoLqfSu46k8pJ;TU4ca2rAV4P6ARsuANsCS5a4gNC3nCQJSr;TpmmUx1369SfzpK4mj4AUBRzC9WxZWgnQf;TcjB6BeK4xiTL3bZFEt5osESc4a7VsQPBB;TCVVsfkdap3ccGctX9saxhcm4tfFzsJLaV;TsVWEZcQTHv1NvBSiT465FLLn84a2wG4ji;T184ySnvGYrZ2UYxwUCi4W1kJHM32LGjw6;TG4ZiVigVCR73HG1ZvcWY88ydktdtYNweQ
RAAZ-26-1048,Rapid layering (high velocity),High,0.84,"Median time between hops is under 30 minutes, consistent with scripted or automated movement.",TkFYQtxcuEFZbgbGdXTq75XJWHZF5rVMXi;T3fZQezELxtnrC3egZJLGEFfFVd9Q7om3q;TYzGqfcGQGvgP7KKiy6PKTcX9qvzUVfKvN;Tic7zAwHMPXNDjrzYUvqDsyGRBjWwH1q2E;TRpw1g96YrV9KBzkNvScVc8kjp4MxJMywV
RAAZ-26-1048,Fan-in from unrelated sources,Medium,0.78,4 other wallets paid into the reported wallet in the same window - possible additional victims.,TGXi3wRUYGKmtqL4Bf1HAfU6Gi3tAbSTAS;TfiCwnr2nYZhPbCA5kUvYgFjkJj2aepahe;TyCD1F8MezDsSkZXAyBQDudweunm4PzC33;T9XoArS3sFbqRXZ3Tv7khDT3D9DYLv39Ma
RAAZ-26-1048,Consolidation before cash-out,Medium,0.82,Multiple layering branches re-merge into one wallet shortly before reaching an exchange.,TaJXqcRHSmfSNjNFNsY7WfGZgnjoyP3vkT
RAAZ-26-1048,Cross-case linkage,Critical,0.9,"Consolidation wallet also appears in 4 other RAAZ case(s): RAAZ-26-1007, RAAZ-26-1009, RAAZ-26-1037, RAAZ-26-1059. Likely the same operator (Syndicate A).",TaJXqcRHSmfSNjNFNsY7WfGZgnjoyP3vkT
RAAZ-26-1049,Fan-out distribution,High,0.91,Reported wallet split funds into 6 fresh wallets within minutes of the last victim payment.,0x8597567d00d23b78fbf0a25234df03060e145624;0xa6a6e5f17c3c64326617af3c778e254315f64297;0x9a71ff42f3e0f6b6bbce0fc67cfd219de7c9bcea;0x1b6eb1d7601067d90786c87c5925b337c5c02e77;0xa77f0589adb4b409869ae36aaeea524e62723cf2;0xb9dea612818dfe33a6498c91cc63d757f44e1f0a;0x33db6e725342794cdf89cd5ed1266539fce87f47
RAAZ-26-1049,Mixer / tumbler usage,Critical,0.95,"26,339.11 USDC sent into Umbra Tumbler; outputs linked probabilistically by amount and timing.",0xec93a5a5e96bb020c36c24ddd88416e6e1d35a53
RAAZ-26-1049,Cross-chain bridge hop,High,0.86,Funds moved from Ethereum to Polygon through ArcBridge.,0x886a79744d4ca5471955bf69ab021187f4cce0dc
RAAZ-26-1049,Rapid layering (high velocity),High,0.84,"Median time between hops is under 30 minutes, consistent with scripted or automated movement.",0xa6a6e5f17c3c64326617af3c778e254315f64297;0x9a71ff42f3e0f6b6bbce0fc67cfd219de7c9bcea;0x1b6eb1d7601067d90786c87c5925b337c5c02e77;0xa77f0589adb4b409869ae36aaeea524e62723cf2;0xb9dea612818dfe33a6498c91cc63d757f44e1f0a;0x33db6e725342794cdf89cd5ed1266539fce87f47
RAAZ-26-1049,Fan-in from unrelated sources,Medium,0.78,4 other wallets paid into the reported wallet in the same window - possible additional victims.,0xd68bd4ed164fbfabe9615684b61e2daf629be746;0x66839bf373d708a636d774076a49d5f3162a218b;0xaa9527d86e319978dc46200b141f412aef85325a;0xdaf113cb3380293cfa563705b8f365f60674abdf
RAAZ-26-1049,Consolidation before cash-out,Medium,0.82,Multiple layering branches re-merge into one wallet shortly before reaching an exchange.,0xcfde319e94c2c7774c689e15aaea135f5a2ba12e
RAAZ-26-1049,Consolidation before cash-out,Medium,0.82,Multiple layering branches re-merge into one wallet shortly before reaching an exchange.,0x6c89b206b1081043b119dc1ef4cbfeac8f7181d7
RAAZ-26-1049,Dusting activity,Low,0.65,Tiny-value transfers received from a single source - possible address probing.,0xe1e76546b268cc77abbe4c4448c59aaf1123a16e
RAAZ-26-1050,Fan-out distribution,High,0.91,Reported wallet split funds into 4 fresh wallets within minutes of the last victim payment.,ThkFfShMkicBQ5szHcjh3FaTT6Kc9ijugJ;TmeSQgMCEirdehsAgsBczhaGW6y6nMDiVR;TBq31a1FV943pVV4XvGcsHbwhnGEPHX2Ys;TRKA38DXTogA5NNgN4qk2X7muDRnBaVCmh;TJMpP4TaRdVmtLvfiUVi6A6DpxacJaZCph
RAAZ-26-1050,Peel chain,High,0.88,4-step peel chain: each hop sheds 5-14% to a side wallet and forwards the change.,T6Cn1dX1cXVFVASHmH3YJvLkz17e73X7ra;TU26NBRu71Hbv82fEhfmvME29hBj6aRnBJ;T7Nf4MKA4cdEDXyJJWKZYyU8rCUYhbhg87;Tc5tA4fwjr7MNDj8PN66pbi85cKJTJrYoW;TMz1dJFGbMK2YdxLNmUoETAFg1qQRbk1ts;TJRPeDaGLcUUUQd5rbuReDxx8ER1nR7BXS;TZd3kBbpDDF74D3ran7X37ymUV9koxjKnn;TVcBUotyfjaoKqbstyWCCJ1UyAtXijoPcR
RAAZ-26-1050,Fan-in from unrelated sources,Medium,0.78,5 other wallets paid into the reported wallet in the same window - possible additional victims.,Ttkua8PESMmHPCfFfweU3qFrfZVtav8KDX;TsXMRXti2ZVmNvc88tv7t9dbFVXr82G9jx;TMTUBKnDYtLRJJhXWVeKFswBw3NG6sBUGZ;TcVno6SMadddEapESnnqcCJLcRnNzRj2Rz;TVsBYAtHFHeTJnps4Xf7d1Et4H4AcUZEaV
RAAZ-26-1050,Consolidation before cash-out,Medium,0.82,Multiple layering branches re-merge into one wallet shortly before reaching an exchange.,TaXJKCK9ovAdBPusifBMZffqGgWqouRt8m
RAAZ-26-1050,Cross-case linkage,Critical,0.9,"Consolidation wallet also appears in 7 other RAAZ case(s): RAAZ-26-1003, RAAZ-26-1005, RAAZ-26-1011, RAAZ-26-1023, RAAZ-26-1039, RAAZ-26-1054, RAAZ-26-1055. Likely the same operator (Syndicate B).",TaXJKCK9ovAdBPusifBMZffqGgWqouRt8m
RAAZ-26-1051,Fan-out distribution,High,0.91,Reported wallet split funds into 3 fresh wallets within minutes of the last victim payment.,0x7634d5303d8dcb0f60359215c1748f8dfe88d747;0x8b0b2416b3242f7854a17b85fdc64200dcd89481;0x0bc23179f76f4b432e6428468cfaa7fb67f7dc74;0xbde9f0204ca4147e06135e0d9a6ea9c98949e878
RAAZ-26-1051,Consolidation before cash-out,Medium,0.82,Multiple layering branches re-merge into one wallet shortly before reaching an exchange.,0x6bc03660be6afd7c1ceffc7fe73e722bc5c1f337
RAAZ-26-1052,Fan-out distribution,High,0.91,Reported wallet split funds into 5 fresh wallets within minutes of the last victim payment.,0xb3b9454cdb2740445389df892df254b5a0ecc021;0xebcb693042172644bb393db9b877b96d064a8759;0x3fb052a2eab39dd648b10acd7b10b52296ce3b6e;0x7fc436209c41ded13c72f6893807f73df87e10b7;0x27184549e01f95fc327ef6f4b5c05edefd7f67b5;0x49e38b14cbc7fdd91fa7aa6cb9e9d40d13d494e1
RAAZ-26-1052,Fan-in from unrelated sources,Medium,0.78,5 other wallets paid into the reported wallet in the same window - possible additional victims.,0x42307c9c20bd0f072c6d167da9aa568e319f0f47;0x3678fa645f952d314bbf76becc1fe4807cdec610;0x89a240c8915189538b950a95f0366ca43ce10503;0xa15aa9e03a6d72fed914ab52176b1a21b9b90155;0x46363956a74fb57d7ba608f4b659faa55cadaed5
RAAZ-26-1053,Fan-out distribution,High,0.91,Reported wallet split funds into 4 fresh wallets within minutes of the last victim payment.,TGaB4fLFtsgcowtApJyhVTagLaBPUKLohJ;TBjTg1C2U65NMm1Mz9dWM7E7tusHAdMQYT;TgjKMUwrZ7n5icYSYduBHmf5zp9UuHDzoZ;TqVAmjjrzSU8uHq1hA3o484sMwir1D5vKF;T4nUrXvG7o1SsHHyuVxsfwdwMYxcNhzxJo
RAAZ-26-1053,Rapid layering (high velocity),High,0.84,"Median time between hops is under 30 minutes, consistent with scripted or automated movement.",TBjTg1C2U65NMm1Mz9dWM7E7tusHAdMQYT;TgjKMUwrZ7n5icYSYduBHmf5zp9UuHDzoZ;TqVAmjjrzSU8uHq1hA3o484sMwir1D5vKF;T4nUrXvG7o1SsHHyuVxsfwdwMYxcNhzxJo
RAAZ-26-1053,Fan-in from unrelated sources,Medium,0.78,3 other wallets paid into the reported wallet in the same window - possible additional victims.,TfM6UWDPmjGmVjG1sFgJYHfULynaq9ZbfX;TZT42hMf55FgXECRC2ihbZjw4PqpoLqt5Z;T8vfU2S8ywbrjB4nhRLan5NveEymk1sUsT
RAAZ-26-1053,Consolidation before cash-out,Medium,0.82,Multiple layering branches re-merge into one wallet shortly before reaching an exchange.,T4CSQaX4csN6MfjCduKP8vUNLxV4piSL3s
RAAZ-26-1054,Fan-out distribution,High,0.91,Reported wallet split funds into 3 fresh wallets within minutes of the last victim payment.,TqDi6hv7LX7Sqhsn4kvtg4gF4buzHyu9Sk;TZabo16aiWUegFiPH975GsVKKcGrewLpRy;TBSUkMmHi6gUDTozPzwqhttWNnebgAQo6E;TQzrdXkt7drEreUXfQvb2GGBwJEQDrV2iL
RAAZ-26-1054,Fan-in from unrelated sources,Medium,0.78,3 other wallets paid into the reported wallet in the same window - possible additional victims.,TfNusnGPs6KwE8B2LnKTY6JpmEsGtvWCv9;TwG1rxeHoE3SeJAExn9BEsqdqiYs2Wd59U;T5qBkmet3KXk7eEuGwjBJqDKTNsNN3VHDG
RAAZ-26-1054,Consolidation before cash-out,Medium,0.82,Multiple layering branches re-merge into one wallet shortly before reaching an exchange.,TaXJKCK9ovAdBPusifBMZffqGgWqouRt8m
RAAZ-26-1054,Cross-case linkage,Critical,0.9,"Consolidation wallet also appears in 7 other RAAZ case(s): RAAZ-26-1003, RAAZ-26-1005, RAAZ-26-1011, RAAZ-26-1023, RAAZ-26-1039, RAAZ-26-1050, RAAZ-26-1055. Likely the same operator (Syndicate B).",TaXJKCK9ovAdBPusifBMZffqGgWqouRt8m
RAAZ-26-1055,Fan-out distribution,High,0.91,Reported wallet split funds into 5 fresh wallets within minutes of the last victim payment.,TuP1uQtAXNyv3XEjEVqeTpZMMTb3pxpi1T;T8THEAGsUN8KoWuY29Gt5VpCK5RFyo4HDb;TMyV4t1RCfd5g6wZSvk9urVyjUi1MV6tsU;TbHiLKuH6YcQ5yDxwYo9ofvxG2zFRu2URS;Txv29kFsNtcod2sfm4YUWUjdXAq8PrK3Bo;TU661U1oNP5YgtXdfjfdV15AuxR3iS23vG
RAAZ-26-1055,Rapid layering (high velocity),High,0.84,"Median time between hops is under 30 minutes, consistent with scripted or automated movement.",T8THEAGsUN8KoWuY29Gt5VpCK5RFyo4HDb;TMyV4t1RCfd5g6wZSvk9urVyjUi1MV6tsU;TbHiLKuH6YcQ5yDxwYo9ofvxG2zFRu2URS;Txv29kFsNtcod2sfm4YUWUjdXAq8PrK3Bo;TU661U1oNP5YgtXdfjfdV15AuxR3iS23vG
RAAZ-26-1055,Consolidation before cash-out,Medium,0.82,Multiple layering branches re-merge into one wallet shortly before reaching an exchange.,TaXJKCK9ovAdBPusifBMZffqGgWqouRt8m
RAAZ-26-1055,Cross-case linkage,Critical,0.9,"Consolidation wallet also appears in 7 other RAAZ case(s): RAAZ-26-1003, RAAZ-26-1005, RAAZ-26-1011, RAAZ-26-1023, RAAZ-26-1039, RAAZ-26-1050, RAAZ-26-1054. Likely the same operator (Syndicate B).",TaXJKCK9ovAdBPusifBMZffqGgWqouRt8m
RAAZ-26-1056,Fan-out distribution,High,0.91,Reported wallet split funds into 3 fresh wallets within minutes of the last victim payment.,0xcf9436c9c654995b72405c860df44ad6cb4cb1ce;0x9da5c4aacbd8d99215e706861519574a0d0a7abf;0xb355dc0bb0c6475f612bf2dd78015f750aa59c3a;0x044cae6d6a3eb9d8ee2de327464019202b7452e0
RAAZ-26-1056,Rapid layering (high velocity),High,0.84,"Median time between hops is under 30 minutes, consistent with scripted or automated movement.",0x9da5c4aacbd8d99215e706861519574a0d0a7abf;0xb355dc0bb0c6475f612bf2dd78015f750aa59c3a;0x044cae6d6a3eb9d8ee2de327464019202b7452e0
RAAZ-26-1056,Fan-in from unrelated sources,Medium,0.78,2 other wallets paid into the reported wallet in the same window - possible additional victims.,0xdea7c5523f43f1f5419b9abc1898962da2e4b885;0x35c78804e4b1271d4700414d8ecfc0bc8f4b24aa
RAAZ-26-1056,Consolidation before cash-out,Medium,0.82,Multiple layering branches re-merge into one wallet shortly before reaching an exchange.,0x680210cc03647676ca4c7ca32b8ac8bd0b26639f
RAAZ-26-1057,Fan-out distribution,High,0.91,Reported wallet split funds into 4 fresh wallets within minutes of the last victim payment.,bc1q8txwvmyk8spqdum7fltgevfkwe2nzn27m46dwy;bc1qdy5m4ps2yk7ctvhcm9f49y7hwf2knundd5khvw;bc1qzgdxj56cuv9zlq5hatyhwgnf3z5j8k0336r79y;bc1qkvql7eatzewp9reavd27cpvfwzywvrdu875tdk;bc1q49rmrfuc6ad9653p584wxyjajmal3dqcaufjuh
RAAZ-26-1057,Peel chain,High,0.88,4-step peel chain: each hop sheds 5-14% to a side wallet and forwards the change.,bc1qj56v83ctk0mg6dlj04kn6x4nna82udcz2lkj8d;bc1qk0hj7lqn5sxjsckc4tgzraulafftdn9wj54szc;bc1qa95rphx3z4gdz5jnsmzkerajdsjz3hz0h2q9ju;bc1qaepddlcn08f7nezwqrjnajswwwxlru4udfergn;bc1qaxh9tupnf67xgjjwzqrgyazegxh8n7y6djqzm5;bc1q8eewmvkzjv55v0kgkezscd5rckk29rr6apufv5;bc1qzc2n6ap4n8k2tf3742qw3kavt2hxlkvuas9whu;bc1q76w3mae6h9em4hgk6pehvpz888vs5fckydtrgw
RAAZ-26-1057,Fan-in from unrelated sources,Medium,0.78,5 other wallets paid into the reported wallet in the same window - possible additional victims.,bc1q69208euy34fnxcg89k2t864gfg8fhurpezs38j;bc1q602vtvvhclm7c4d03yt3kxgvf02ywh0ejyps5k;bc1qv33qrty2sfsc7gxhsf8ymu7dm0fsvcj5yulwzf;bc1qjsvzqlzcewk2cyjzfvy9wk3gjsrj2qvx7pazr3;bc1qg2aulyj2lm6qxma73l5evhp7rlmzfm3xdsc5ef
RAAZ-26-1058,Fan-out distribution,High,0.91,Reported wallet split funds into 6 fresh wallets within minutes of the last victim payment.,bc1qkg5wldqqn9rqt4f3aa47fumzmdf4c739snpq90;bc1qe6rf7ljkhnzup3vda5vur7uyuxkkpcfd6jdyc0;bc1qgz3p0yq4x4unrdrt69ghg3tne938gemfhudaq3;bc1qe6hqse7ams2kqzpx6u9xg5mkn35598a4t4ppf9;bc1q0e9svtjwshaeyjzw8238h75ku45r55eqxzyale;bc1qvsnftw37set560zsxkyhusdj0esffx7w0hauza;bc1qw4tyegh2e6w2z4xzsylu0fhytcf4092qgqgl27
RAAZ-26-1059,Rapid layering (high velocity),High,0.84,"Median time between hops is under 30 minutes, consistent with scripted or automated movement.",TdKWYhKYhUuPEmxeXUcyKMXDcdSYnSWnCh
RAAZ-26-1059,Fan-in from unrelated sources,Medium,0.78,2 other wallets paid into the reported wallet in the same window - possible additional victims.,TuHesCotqeAuEEapF72gJMKSbA8pcTYtrB;TEqt42jhwssvTCZ6qaYQAgEhJxjHLvw66Q
RAAZ-26-1059,Consolidation before cash-out,Medium,0.82,Multiple layering branches re-merge into one wallet shortly before reaching an exchange.,TaJXqcRHSmfSNjNFNsY7WfGZgnjoyP3vkT
RAAZ-26-1059,Cross-case linkage,Critical,0.9,"Consolidation wallet also appears in 4 other RAAZ case(s): RAAZ-26-1007, RAAZ-26-1009, RAAZ-26-1037, RAAZ-26-1048. Likely the same operator (Syndicate A).",TaJXqcRHSmfSNjNFNsY7WfGZgnjoyP3vkT
RAAZ-26-1060,Fan-in from unrelated sources,Medium,0.78,3 other wallets paid into the reported wallet in the same window - possible additional victims.,0x68b7a9cfcc71210ec7014aecc3c91e89f2d32432;0xe58f9dc07e280e2c2b6c0ed556c5b644e3451654;0xb5151a10d625513705bda1fc30906b5f9117c4e2
RAAZ-26-1060,Consolidation before cash-out,Medium,0.82,Multiple layering branches re-merge into one wallet shortly before reaching an exchange.,0x7d97e08c1b728e877573edec907db4a7969187e9
RAAZ-26-1060,Cross-case linkage,Critical,0.9,"Consolidation wallet also appears in 5 other RAAZ case(s): RAAZ-26-1017, RAAZ-26-1022, RAAZ-26-1027, RAAZ-26-1035, RAAZ-26-1040. Likely the same operator (Syndicate C).",0x7d97e08c1b728e877573edec907db4a7969187e9
